{"categorical_accuracy": [0.1780475527048111, 0.5189681053161621, 0.7389984726905823, 0.8588770627975464, 0.9023773670196533, 0.9352554082870483, 0.9453717470169067, 0.9585230350494385, 0.9479008316993713, 0.9473950266838074, 0.937278687953949, 0.9564997553825378, 0.9661102890968323, 0.9554880857467651, 0.9595346450805664, 0.9666160941123962, 0.9726858735084534, 0.961557924747467, 0.962063729763031, 0.9640870094299316, 0.9635812044143677, 0.9650986194610596, 0.9681335091590881, 0.9640870094299316, 0.9681335091590881, 0.9731916785240173, 0.9777440428733826, 0.9716742634773254, 0.9767324328422546, 0.9757207632064819, 0.9716742634773254, 0.9787557125091553, 0.9787557125091553, 0.9797673225402832, 0.9797673225402832, 0.987860381603241, 0.9848254919052124, 0.9888720512390137, 0.9812847971916199, 0.9822964072227478, 0.9838138818740845, 0.9888720512390137, 0.9782498478889465, 0.9828022122383118, 0.9797673225402832, 0.9777440428733826, 0.9843196868896484, 0.9797673225402832, 0.9883661866188049, 0.9914011359214783, 0.9893778562545776, 0.9954476356506348, 0.9817906022071838, 0.9883661866188049, 0.987354576587677, 0.9914011359214783, 0.9919069409370422, 0.9919069409370422, 0.9893778562545776, 0.9853312969207764, 0.9903894662857056, 0.9898836612701416, 0.9838138818740845, 0.9893778562545776, 0.9903894662857056, 0.9944360256195068, 0.9924127459526062], "loss": [4.510617256164551, 2.9034557342529297, 2.112823486328125, 1.7359904050827026, 1.5086400508880615, 1.3184171915054321, 1.212606430053711, 1.0570305585861206, 0.9987873435020447, 0.9145514965057373, 0.8773505687713623, 0.7547552585601807, 0.6839895844459534, 0.6670151352882385, 0.6257016658782959, 0.5620826482772827, 0.5277738571166992, 0.5340829491615295, 0.504826009273529, 0.4734731614589691, 0.4773803651332855, 0.42872530221939087, 0.4147123396396637, 0.4167827367782593, 0.3865733742713928, 0.3707258701324463, 0.35040727257728577, 0.3452827036380768, 0.319525808095932, 0.31379640102386475, 0.30483049154281616, 0.28195181488990784, 0.2531653642654419, 0.25264811515808105, 0.255896657705307, 0.2200230360031128, 0.21783846616744995, 0.20941631495952606, 0.21490269899368286, 0.21812595427036285, 0.19448091089725494, 0.18111614882946014, 0.2144327163696289, 0.2134687751531601, 0.22239717841148376, 0.23468926548957825, 0.1980983018875122, 0.22573135793209076, 0.18306472897529602, 0.1529298573732376, 0.16050606966018677, 0.13761696219444275, 0.18821798264980316, 0.1680147349834442, 0.15057533979415894, 0.1527830958366394, 0.1417233943939209, 0.13048309087753296, 0.1312440186738968, 0.16201648116111755, 0.13380244374275208, 0.14057637751102448, 0.172732412815094, 0.14209547638893127, 0.1405293047428131, 0.11680485308170319, 0.11660872399806976], "top_3_accuracy": [0.3737986981868744, 0.7501264810562134, 0.9155285954475403, 0.9686393737792969, 0.9828022122383118, 0.9939302206039429, 0.9954476356506348, 0.9949418306350708, 0.9964593052864075, 0.9934243559837341, 0.9944360256195068, 0.9959534406661987, 0.9964593052864075, 0.9954476356506348, 0.9974709153175354, 0.9969651103019714, 0.9969651103019714, 0.9959534406661987, 0.9969651103019714, 0.9979767203330994, 0.9964593052864075, 0.9979767203330994, 0.9964593052864075, 0.9989883899688721, 0.9974709153175354, 0.9984825253486633, 0.9964593052864075, 0.9969651103019714, 0.9989883899688721, 0.9984825253486633, 0.9989883899688721, 0.9984825253486633, 0.999494194984436, 0.9979767203330994, 0.9974709153175354, 0.9979767203330994, 1.0, 0.9989883899688721, 0.9979767203330994, 0.9964593052864075, 0.9989883899688721, 0.9984825253486633, 0.9974709153175354, 0.9964593052864075, 0.9964593052864075, 0.9969651103019714, 0.9979767203330994, 0.9979767203330994, 0.9984825253486633, 0.9989883899688721, 0.999494194984436, 0.999494194984436, 0.999494194984436, 0.9974709153175354, 0.9989883899688721, 0.9989883899688721, 0.9979767203330994, 0.999494194984436, 0.999494194984436, 0.9964593052864075, 0.9989883899688721, 0.999494194984436, 0.9969651103019714, 0.9989883899688721, 0.9989883899688721, 1.0, 0.999494194984436], "val_categorical_accuracy": [0.1418047845363617, 0.38121548295021057, 0.7384898662567139, 0.8047882318496704, 0.8416206240653992, 0.8876611590385437, 0.909760594367981, 0.8858194947242737, 0.880294680595398, 0.9116021990776062, 0.90055251121521, 0.9134438037872314, 0.9134438037872314, 0.9152854681015015, 0.9263351559638977, 0.9355432987213135, 0.9226519465446472, 0.9410681128501892, 0.9337016344070435, 0.9263351559638977, 0.9060773253440857, 0.918968677520752, 0.8987108469009399, 0.9281768202781677, 0.9171270728111267, 0.8950276374816895, 0.9171270728111267, 0.8821362853050232, 0.9171270728111267, 0.918968677520752, 0.9244935512542725, 0.9281768202781677, 0.9171270728111267, 0.9410681128501892, 0.950276255607605, 0.9465929865837097, 0.9539594650268555, 0.9244935512542725, 0.939226508140564, 0.9355432987213135, 0.9429097771644592, 0.9373849034309387, 0.920810341835022, 0.9042357206344604, 0.9116021990776062, 0.8821362853050232, 0.9465929865837097, 0.9171270728111267, 0.9171270728111267, 0.8987108469009399, 0.9521178603172302, 0.930018424987793, 0.9226519465446472, 0.909760594367981, 0.9079189896583557, 0.9355432987213135, 0.9373849034309387, 0.9465929865837097, 0.950276255607605, 0.909760594367981, 0.9337016344070435, 0.9281768202781677, 0.9447513818740845, 0.9281768202781677, 0.9484346508979797, 0.950276255607605, 0.930018424987793], "val_loss": [4.41323709487915, 3.689023017883301, 2.4968347549438477, 1.8042916059494019, 1.5049601793289185, 1.4339532852172852, 1.2889615297317505, 1.2222737073898315, 1.2636792659759521, 1.033563256263733, 0.9578725695610046, 0.9376460909843445, 0.9677790403366089, 0.9354991912841797, 0.7981886267662048, 0.6961807012557983, 0.7050963044166565, 0.6814211010932922, 0.6614571809768677, 0.7521567344665527, 0.7771797180175781, 0.7512306571006775, 0.7238242626190186, 0.5364280343055725, 0.6449065208435059, 0.6914068460464478, 0.5479947328567505, 0.7874485850334167, 0.549109160900116, 0.6338306069374084, 0.6384502053260803, 0.49878036975860596, 0.5982154011726379, 0.41042494773864746, 0.38922637701034546, 0.46266987919807434, 0.42867159843444824, 0.5006359815597534, 0.45246216654777527, 0.4456940293312073, 0.39026081562042236, 0.3840637505054474, 0.48533308506011963, 0.6396153569221497, 0.5774670839309692, 0.8149859309196472, 0.4112153947353363, 0.5926439762115479, 0.5235200524330139, 0.6694454550743103, 0.31468576192855835, 0.44713637232780457, 0.4918905794620514, 0.7133434414863586, 0.6857126951217651, 0.6185021996498108, 0.5507804751396179, 0.3412416875362396, 0.3597773015499115, 0.5844325423240662, 0.470686674118042, 0.5711159706115723, 0.3871847093105316, 0.45510464906692505, 0.44093456864356995, 0.37384963035583496, 0.47103172540664673],