{"categorical_accuracy": [0.09104704111814499, 0.2903389036655426, 0.4709155261516571, 0.664643406867981, 0.7632777094841003, 0.8093070387840271, 0.8285280466079712, 0.8548305630683899, 0.8694992661476135, 0.8416793346405029, 0.8877086639404297, 0.8750632405281067, 0.8760748505592346, 0.9028831720352173, 0.9008598923683167, 0.8942842483520508, 0.9327263236045837, 0.910976231098175, 0.9185634851455688, 0.9190692901611328, 0.9215983748435974, 0.9104704260826111, 0.9226100444793701, 0.9337379932403564, 0.9124937057495117, 0.9291856288909912, 0.9347496032714844, 0.9403135776519775, 0.9165402054786682, 0.9296914339065552, 0.9312089085578918, 0.9423368573188782, 0.937278687953949, 0.9408194422721863, 0.9463834166526794, 0.9398077726364136, 0.9393019676208496, 0.9448659420013428, 0.9463834166526794, 0.9504299163818359, 0.9504299163818359, 0.948912501335144, 0.9443601369857788, 0.9509357810020447, 0.9468892216682434, 0.9544764757156372, 0.9514415860176086, 0.949924111366272], "loss": [5.182957172393799, 3.8209125995635986, 2.994288921356201, 2.321241617202759, 1.9649901390075684, 1.7364919185638428, 1.653416633605957, 1.4817365407943726, 1.354529619216919, 1.34451425075531, 1.1824593544006348, 1.1415777206420898, 1.0899490118026733, 0.9777823090553284, 0.9565005302429199, 0.8999223113059998, 0.7776325941085815, 0.8061513900756836, 0.7813370227813721, 0.7478143572807312, 0.7327166795730591, 0.7580543160438538, 0.691243588924408, 0.6351297497749329, 0.6633163690567017, 0.615571916103363, 0.6059353351593018, 0.5546090602874756, 0.6773506999015808, 0.5931249260902405, 0.5548284649848938, 0.5022160410881042, 0.5435211062431335, 0.5110892653465271, 0.47586527466773987, 0.4761905372142792, 0.48153212666511536, 0.43966591358184814, 0.4330067038536072, 0.40487948060035706, 0.4139922857284546, 0.4189392030239105, 0.4098607897758484, 0.4154084622859955, 0.39243918657302856, 0.3512643873691559, 0.383639931678772, 0.3607873320579529], "top_3_accuracy": [0.21396054327487946, 0.5017703771591187, 0.7116843461990356, 0.8664643168449402, 0.9215983748435974, 0.9484066963195801, 0.9524531960487366, 0.9676277041435242, 0.9716742634773254, 0.9630753397941589, 0.9706625938415527, 0.9736975431442261, 0.9736975431442261, 0.974709153175354, 0.9817906022071838, 0.9817906022071838, 0.9858371019363403, 0.9828022122383118, 0.9833080172538757, 0.9817906022071838, 0.9838138818740845, 0.9802731275558472, 0.9853312969207764, 0.9908952713012695, 0.9838138818740845, 0.9883661866188049, 0.9908952713012695, 0.9893778562545776, 0.975214958190918, 0.9893778562545776, 0.9883661866188049, 0.9908952713012695, 0.9848254919052124, 0.9858371019363403, 0.9924127459526062, 0.9908952713012695, 0.9883661866188049, 0.9924127459526062, 0.9903894662857056, 0.9924127459526062, 0.9914011359214783, 0.9903894662857056, 0.9914011359214783, 0.9883661866188049, 0.9964593052864075, 0.9914011359214783, 0.9939302206039429, 0.9949418306350708], "val_categorical_accuracy": [0.0441988967359066, 0.16758747398853302, 0.4327808618545532, 0.6850828528404236, 0.8011049628257751, 0.8360957503318787, 0.8379374146461487, 0.8287292718887329, 0.8379374146461487, 0.8195211887359619, 0.8084714412689209, 0.8545119762420654, 0.8232043981552124, 0.8471454977989197, 0.8176795840263367, 0.8324125409126282, 0.8581951856613159, 0.9042357206344604, 0.8692449331283569, 0.8047882318496704, 0.8084714412689209, 0.8342541456222534, 0.8508287072181702, 0.8139963150024414, 0.7992633581161499, 0.8489871025085449, 0.8250460624694824, 0.8766114115715027, 0.8121547102928162, 0.8526703715324402, 0.8379374146461487, 0.8011049628257751, 0.8397790193557739, 0.8360957503318787, 0.8324125409126282, 0.8176795840263367, 0.8526703715324402, 0.7992633581161499, 0.8121547102928162, 0.8066298365592957, 0.7882136106491089, 0.8084714412689209, 0.8508287072181702, 0.8618784546852112, 0.8360957503318787, 0.8176795840263367, 0.8545119762420654, 0.8268876671791077], "val_loss": [4.536070823669434, 4.243329048156738, 3.216089963912964, 2.287252902984619, 1.8095507621765137, 1.5723899602890015, 1.6385074853897095, 1.5375057458877563, 1.4244630336761475, 1.4792802333831787, 1.320353627204895, 1.2126797437667847, 1.2449504137039185, 1.1903345584869385, 1.2585893869400024, 1.1591541767120361, 1.103291392326355, 0.8911245465278625, 0.9362960457801819, 1.2079763412475586, 1.2445683479309082, 1.0024906396865845, 0.9210493564605713, 1.0400184392929077, 1.1166698932647705, 0.8694344758987427, 0.9760244488716125, 0.8011553883552551, 1.0065522193908691, 0.92023766040802, 0.9745001196861267, 1.1112971305847168, 0.9439582824707031, 0.8863183856010437, 0.8607131838798523, 1.0596846342086792, 0.8445472121238708, 1.0908881425857544, 1.0875228643417358, 0.9899397492408752, 1.1069347858428955, 0.9108226895332336, 0.8652323484420776, 0.8022453784942627, 0.9089867472648621, 0.9812726378440857, 0.7808455228805542, 0.8710306882858276], "val_top_3_accuracy": [0.21362799406051636, 0.294659286737442, 0.7145488262176514, 0.8950276374816895, 0.9410681128501892, 0.9650092124938965, 0.968692421913147, 0.959484338760376, 0.9613259434700012, 0.9576427340507507, 0.9723756909370422, 0.970534086227417, 0.9521178603172302, 0.9465929865837097, 0.9484346508979797, 0.9650092124938965, 0.9539594650268555, 0.9742172956466675, 0.9742172956466675, 0.9484346508979797, 0.9484346508979797, 0.9521178603172302, 0.9779005646705627, 0.9723756909370422, 0.930018424987793, 0.9576427340507507, 0.9521178603172302, 0.9631676077842712, 0.9539594650268555, 0.9484346508979797, 0.9576427340507507, 0.9226519465446472, 0.9373849034309387, 0.939226508140564, 0.9447513818740845, 0.9337016344070435, 0.9410681128501892, 0.9355432987213135, 0.9447513818740845, 0.9447513818740845, 0.9484346508979797, 0.9521178603172302, 0.9355432987213135, 0.9373849034309387, 0.9410681128501892, 0.9373849034309387, 0.9429097771644592, 0.939226508140564], "learning_rate": [9.999999747378752e-05, 0.00019999999494757503, 0.0003000000142492354, 0.00039999998989515007, 0.0005000000237487257, 0.0006000000284984708, 0.000699999975040555, 0.0007999999797903001, 0.0008999999845400453, 0.0010000000474974513, 0.0010000000474974513, 0.000999931711703539, 0.0009997269371524453, 0.0009993856074288487, 0.0009989079553633928, 0.0009982939809560776, 0.0009975439170375466, 0.0009966579964384437, 0.0009956364519894123, 0.0009944795165210962, 0.000993187422864139, 0.00099176075309515, 0.0009901997400447726, 0.000988504965789616, 0.000986676663160324, 0.0009847154142335057, 0.0009826218010857701, 0.0009803964057937264, 0.0009780399268493056, 0.0009755527134984732, 0.0009729356970638037, 0.0009701895178295672, 0.0009673149324953556, 0.0009643127559684217, 0.0009611837449483573, 0.0009579287725500762, 0.000954548770096153, 0.0009510446107015014, 0.0009474172838963568, 0.0009436677792109549, 0.0009397971443831921, 0.0009358063689433038, 0.0009316966170445085, 0.0009274689364247024, 0.0009231246076524258, 0.000918664678465575, 0.0009140904294326901, 0.0009094030829146504]}